algoritmo,n,M,E,satisfaccion,tiempo_ms,memoria_kb
DynamicProgramming,40,800,200,4258797,14.7481,6052
Greedy1,40,800,200,2627910,0.003477,6052
Greedy2,40,800,200,4142707,0.00954,6052
