algoritmo,n,M,E,satisfaccion,tiempo_ms,memoria_kb
BruteForce,8,160,50,245384,0.002057,2096
DynamicProgramming,8,160,50,245384,0.068934,3976
Greedy1,8,160,50,223663,0.001833,3976
Greedy2,8,160,50,174063,0.002126,3976
