algoritmo,n,M,E,satisfaccion,tiempo_ms,memoria_kb
BruteForce,8,160,50,319744,0.00129,2040
DynamicProgramming,8,160,50,319744,0.075707,4004
Greedy1,8,160,50,319744,0.001029,4004
Greedy2,8,160,50,319744,0.001413,4004
