algoritmo,n,M,E,satisfaccion,tiempo_ms,memoria_kb
BruteForce,3,100,50,108942,0.000248,2036
DynamicProgramming,3,100,50,108942,0.050148,3940
Greedy1,3,100,50,108942,0.001067,3940
Greedy2,3,100,50,108942,0.001295,3940
