algoritmo,n,M,E,satisfaccion,tiempo_ms,memoria_kb
BruteForce,20,400,100,896646,0.343312,2032
DynamicProgramming,20,400,100,896646,1.08715,4460
Greedy1,20,400,100,831412,0.002777,4460
Greedy2,20,400,100,831412,0.003051,4460
