algoritmo,n,M,E,satisfaccion,tiempo_ms,memoria_kb
BruteForce,20,400,100,624943,0.813898,2096
DynamicProgramming,20,400,100,624943,1.08711,4476
Greedy1,20,400,100,594508,0.002532,4476
Greedy2,20,400,100,542727,0.003526,4476
