algoritmo,n,M,E,satisfaccion,tiempo_ms,memoria_kb
BruteForce,5,100,50,102479,0.000617,2036
DynamicProgramming,5,100,50,102479,0.083219,3932
Greedy1,5,100,50,102479,0.001262,3932
Greedy2,5,100,50,102479,0.001426,3932
