algoritmo,n,M,E,satisfaccion,tiempo_ms,memoria_kb
DynamicProgramming,150,3000,500,25979600,767.863,27072
Greedy1,150,3000,500,18083188,0.01186,27072
Greedy2,150,3000,500,18083188,0.035659,27072
