algoritmo,n,M,E,satisfaccion,tiempo_ms,memoria_kb
DynamicProgramming,100,2000,500,19820225,367.234,19212
Greedy1,100,2000,500,18688218,0.010739,19212
Greedy2,100,2000,500,17065451,0.030338,19212
