algoritmo,n,M,E,satisfaccion,tiempo_ms,memoria_kb
DynamicProgramming,100,2000,500,20325795,328.542,19316
Greedy1,100,2000,500,16816542,0.013067,19316
Greedy2,100,2000,500,16816542,0.030026,19316
