algoritmo,n,M,E,satisfaccion,tiempo_ms,memoria_kb
DynamicProgramming,80,1600,400,13825718,175.112,13600
Greedy1,80,1600,400,12102278,0.005579,13600
Greedy2,80,1600,400,12102278,0.026472,13600
