algoritmo,n,M,E,satisfaccion,tiempo_ms,memoria_kb
DynamicProgramming,150,3000,500,27874444,719.741,26956
Greedy1,150,3000,500,21293989,0.012822,26956
Greedy2,150,3000,500,21293989,0.039218,26956
