algoritmo,n,M,E,satisfaccion,tiempo_ms,memoria_kb
DynamicProgramming,200,3000,500,36040308,800.545,27100
Greedy1,200,3000,500,27467844,0.019008,27100
Greedy2,200,3000,500,27467844,0.047562,27100
