algoritmo,n,M,E,satisfaccion,tiempo_ms,memoria_kb
DynamicProgramming,200,3000,500,34123477,793.056,27080
Greedy1,200,3000,500,25586483,0.018655,27080
Greedy2,200,3000,500,25586483,0.044299,27080
