algoritmo,n,M,E,satisfaccion,tiempo_ms,memoria_kb
DynamicProgramming,200,3000,500,32879511,778.254,27016
Greedy1,200,3000,500,18592753,0.014319,27016
Greedy2,200,3000,500,18592753,0.038224,27016
