algoritmo,n,M,E,satisfaccion,tiempo_ms,memoria_kb
DynamicProgramming,40,800,200,2898330,15.0497,6044
Greedy1,40,800,200,958273,0.003109,6044
Greedy2,40,800,200,2202539,0.004167,6044
