algoritmo,n,M,E,satisfaccion,tiempo_ms,memoria_kb
BruteForce,20,400,100,1634644,0.355177,2040
DynamicProgramming,20,400,100,1634644,1.24344,4432
Greedy1,20,400,100,792642,0.0033,4432
Greedy2,20,400,100,1629050,0.004065,4432
