algoritmo,n,M,E,satisfaccion,tiempo_ms,memoria_kb
DynamicProgramming,80,1600,400,13906327,165.98,13604
Greedy1,80,1600,400,11982544,0.00672,13604
Greedy2,80,1600,400,11982544,0.02829,13604
