algoritmo,n,M,E,satisfaccion,tiempo_ms,memoria_kb
DynamicProgramming,150,3000,500,24991507,700.637,26996
Greedy1,150,3000,500,18496495,0.01267,26996
Greedy2,150,3000,500,18496495,0.032962,26996
