algoritmo,n,M,E,satisfaccion,tiempo_ms,memoria_kb
BruteForce,5,100,50,1035279,0.000549,2040
DynamicProgramming,5,100,50,1035279,0.048331,3940
Greedy1,5,100,50,1035279,0.001318,3940
Greedy2,5,100,50,1035279,0.001151,3940
