algoritmo,n,M,E,satisfaccion,tiempo_ms,memoria_kb
BruteForce,3,100,50,448186,0.000578,2012
DynamicProgramming,3,100,50,448186,0.225695,3852
Greedy1,3,100,50,448186,0.001281,3852
Greedy2,3,100,50,448186,0.001681,3852
