algoritmo,n,M,E,satisfaccion,tiempo_ms,memoria_kb
DynamicProgramming,80,1600,400,14520942,181.538,13576
Greedy1,80,1600,400,13467154,0.006729,13576
Greedy2,80,1600,400,13600232,0.02927,13576
