algoritmo,n,M,E,satisfaccion,tiempo_ms,memoria_kb
DynamicProgramming,40,800,200,2410890,11.8685,6180
Greedy1,40,800,200,2165247,0.005606,6180
Greedy2,40,800,200,2366001,0.006848,6180
