algoritmo,n,M,E,satisfaccion,tiempo_ms,memoria_kb
DynamicProgramming,100,2000,500,20429195,358.088,19208
Greedy1,100,2000,500,16051781,0.008656,19208
Greedy2,100,2000,500,16051781,0.030685,19208
