algoritmo,n,M,E,satisfaccion,tiempo_ms,memoria_kb
BruteForce,8,160,50,254242,0.002588,2084
DynamicProgramming,8,160,50,254242,0.084024,3920
Greedy1,8,160,50,254242,0.000977,3920
Greedy2,8,160,50,254242,0.002062,3920
